{"global": 0.37623929778352877, "by_type": {"copy-move": 0.37623929778352877, "retouch": 0.39724044987291085, "splice": 0.43740102969473404}}