{"global": 0.7645735285794995, "by_domain": {"tamper_dir": 0.9943209965511886}, "by_type": {"copy-move": 0.827036356742099, "retouch": 0.827036356742099, "splice": 0.7645735285794995}}